{
  "custom properties": [],
  "externalUrl": "",
  "predictionVariable": "",
  "modelVersionName": "1.1",
  "trainTable": "/dataTables/dataSources/cas~fs~cas-shared-default~fs~Public/tables/HMEQ_TRAIN",
  "trainCodeType": "",
  "description": "Decision Tree",
  "tool": "Model Studio",
  "toolVersion": "8.3",
  "targetVariable": "BAD",
  "scoreCodeType": "dataStep",
  "externalModelId": "0895f86a-dff5-4b5e-ab40-f7a53f476979",
  "createdBy": "scnkuj",
  "function": "classification",
  "eventProbVar": "EM_EVENTPROBABILITY",
  "modeler": "sasdemo",
  "name": "QS_Tree1",
  "modifiedTimeStamp": "2022-04-20T03:16:18 UTC",
  "modifiedBy": "scnkuj",
  "id": "371df4ed-527c-451d-92a2-d0c07e264c6e",
  "creationTimeStamp": "2022-04-20T03:15:22 UTC",
  "targetEvent": "1",
  "targetLevel": "BINARY",
  "algorithm": "tree"
}
