[
  {
    "level": "",
    "name": "EM_CLASSIFICATION",
    "length": 12,
    "type": "string"
  },
  {
    "level": "",
    "name": "EM_EVENTPROBABILITY",
    "length": 8,
    "type": "decimal"
  },
  {
    "level": "",
    "name": "EM_PROBABILITY",
    "length": 8,
    "type": "decimal"
  },
  {
    "level": "",
    "name": "I_BAD",
    "length": 12,
    "type": "string"
  },
  {
    "level": "",
    "name": "P_BAD0",
    "length": 8,
    "type": "decimal"
  },
  {
    "level": "",
    "name": "P_BAD1",
    "length": 8,
    "type": "decimal"
  },
  {
    "level": "",
    "name": "_leaf_id_",
    "length": 8,
    "type": "decimal"
  }
]