{
  "creationTimeStamp" : "0001-01-01T00:00:00Z",
  "modifiedTimeStamp" : "0001-01-01T00:00:00Z",
  "revision" : 0,
  "name" : "dmcas_lift",
  "version" : 0,
  "order" : 0,
  "parameterMap" : {
    "_Column_" : {
      "label" : "Analysis Variable",
      "length" : 6,
      "order" : 5,
      "parameter" : "_Column_",
      "preformatted" : false,
      "type" : "char",
      "values" : [ "_Column_" ]
    },
    "_CumLiftBest_" : {
      "label" : "Best Cumulative Lift",
      "length" : 8,
      "order" : 19,
      "parameter" : "_CumLiftBest_",
      "preformatted" : false,
      "type" : "num",
      "values" : [ "_CumLiftBest_" ]
    },
    "_CumLift_" : {
      "label" : "Cumulative Lift",
      "length" : 8,
      "order" : 18,
      "parameter" : "_CumLift_",
      "preformatted" : false,
      "type" : "num",
      "values" : [ "_CumLift_" ]
    },
    "_CumPctRespBest_" : {
      "label" : "Best Cumulative Response Percentage",
      "length" : 8,
      "order" : 23,
      "parameter" : "_CumPctRespBest_",
      "preformatted" : false,
      "type" : "num",
      "values" : [ "_CumPctRespBest_" ]
    },
    "_CumPctResp_" : {
      "label" : "Cumulative Response Percentage",
      "length" : 8,
      "order" : 22,
      "parameter" : "_CumPctResp_",
      "preformatted" : false,
      "type" : "num",
      "values" : [ "_CumPctResp_" ]
    },
    "_CumRespBest_" : {
      "label" : "Best Cumulative Captured Response Percentage",
      "length" : 8,
      "order" : 17,
      "parameter" : "_CumRespBest_",
      "preformatted" : false,
      "type" : "num",
      "values" : [ "_CumRespBest_" ]
    },
    "_CumResp_" : {
      "label" : "Cumulative Captured Response Percentage",
      "length" : 8,
      "order" : 16,
      "parameter" : "_CumResp_",
      "preformatted" : false,
      "type" : "num",
      "values" : [ "_CumResp_" ]
    },
    "_DataRole_" : {
      "label" : "Data Role",
      "length" : 10,
      "order" : 2,
      "parameter" : "_DataRole_",
      "preformatted" : false,
      "type" : "char",
      "values" : [ "_DataRole_" ]
    },
    "_Depth_" : {
      "label" : "Depth",
      "length" : 8,
      "order" : 7,
      "parameter" : "_Depth_",
      "preformatted" : false,
      "type" : "num",
      "values" : [ "_Depth_" ]
    },
    "_Event_" : {
      "label" : "Event",
      "length" : 12,
      "order" : 6,
      "parameter" : "_Event_",
      "preformatted" : false,
      "type" : "char",
      "values" : [ "_Event_" ]
    },
    "_GainBest_" : {
      "label" : "Best Gain",
      "length" : 8,
      "order" : 25,
      "parameter" : "_GainBest_",
      "preformatted" : false,
      "type" : "num",
      "values" : [ "_GainBest_" ]
    },
    "_Gain_" : {
      "label" : "Gain",
      "length" : 8,
      "order" : 24,
      "parameter" : "_Gain_",
      "preformatted" : false,
      "type" : "num",
      "values" : [ "_Gain_" ]
    },
    "_LiftBest_" : {
      "label" : "Best Lift",
      "length" : 8,
      "order" : 15,
      "parameter" : "_LiftBest_",
      "preformatted" : false,
      "type" : "num",
      "values" : [ "_LiftBest_" ]
    },
    "_Lift_" : {
      "label" : "Lift",
      "length" : 8,
      "order" : 14,
      "parameter" : "_Lift_",
      "preformatted" : false,
      "type" : "num",
      "values" : [ "_Lift_" ]
    },
    "_NEventsBest_" : {
      "label" : "Best Number of Events",
      "length" : 8,
      "order" : 11,
      "parameter" : "_NEventsBest_",
      "preformatted" : false,
      "type" : "num",
      "values" : [ "_NEventsBest_" ]
    },
    "_NEvents_" : {
      "label" : "Number of Events",
      "length" : 8,
      "order" : 10,
      "parameter" : "_NEvents_",
      "preformatted" : false,
      "type" : "num",
      "values" : [ "_NEvents_" ]
    },
    "_NObs_" : {
      "label" : "Sum of Frequencies",
      "length" : 8,
      "order" : 9,
      "parameter" : "_NObs_",
      "preformatted" : false,
      "type" : "num",
      "values" : [ "_NObs_" ]
    },
    "_PartInd_" : {
      "label" : "Partition Indicator",
      "length" : 8,
      "order" : 3,
      "parameter" : "_PartInd_",
      "preformatted" : false,
      "type" : "num",
      "values" : [ "_PartInd_" ]
    },
    "_PctRespBest_" : {
      "label" : "Best Response Percentage",
      "length" : 8,
      "order" : 21,
      "parameter" : "_PctRespBest_",
      "preformatted" : false,
      "type" : "num",
      "values" : [ "_PctRespBest_" ]
    },
    "_PctResp_" : {
      "label" : "Response Percentage",
      "length" : 8,
      "order" : 20,
      "parameter" : "_PctResp_",
      "preformatted" : false,
      "type" : "num",
      "values" : [ "_PctResp_" ]
    },
    "_RespBest_" : {
      "label" : "Best Captured Response Percentage",
      "length" : 8,
      "order" : 13,
      "parameter" : "_RespBest_",
      "preformatted" : false,
      "type" : "num",
      "values" : [ "_RespBest_" ]
    },
    "_Resp_" : {
      "label" : "Captured Response Percentage",
      "length" : 8,
      "order" : 12,
      "parameter" : "_Resp_",
      "preformatted" : false,
      "type" : "num",
      "values" : [ "_Resp_" ]
    },
    "_TargetName_" : {
      "label" : "Target Name",
      "length" : 4,
      "order" : 1,
      "parameter" : "_TargetName_",
      "preformatted" : false,
      "type" : "char",
      "values" : [ "_TargetName_" ]
    },
    "_Value_" : {
      "label" : "Value",
      "length" : 8,
      "order" : 8,
      "parameter" : "_Value_",
      "preformatted" : false,
      "type" : "num",
      "values" : [ "_Value_" ]
    },
    "_formattedPartition_" : {
      "label" : "Formatted Partition",
      "length" : 12,
      "order" : 4,
      "parameter" : "_formattedPartition_",
      "preformatted" : false,
      "type" : "char",
      "values" : [ "_formattedPartition_" ]
    }
  },
  "data" : [ {
    "dataMap" : {
      "_Column_" : "P_BAD1",
      "_CumRespBest_" : "0",
      "_CumResp_" : "0",
      "_DataRole_" : "VALIDATE",
      "_Depth_" : "0",
      "_Event_" : "1",
      "_NEventsBest_" : "0",
      "_NEvents_" : "0",
      "_NObs_" : "0",
      "_PartInd_" : "0",
      "_RespBest_" : "0",
      "_Resp_" : "0",
      "_TargetName_" : "BAD",
      "_Value_" : "0",
      "_formattedPartition_" : "           0"
    },
    "rowNumber" : 1
  }, {
    "dataMap" : {
      "_Column_" : "P_BAD1",
      "_CumLiftBest_" : "4.77453580902",
      "_CumLift_" : "4.50928381963",
      "_CumPctRespBest_" : "100",
      "_CumPctResp_" : "94.4444444444",
      "_CumRespBest_" : "23.8726790451",
      "_CumResp_" : "22.5464190981",
      "_DataRole_" : "VALIDATE",
      "_Depth_" : "5",
      "_Event_" : "1",
      "_GainBest_" : "3.77453580902",
      "_Gain_" : "3.50928381963",
      "_LiftBest_" : "4.77453580902",
      "_Lift_" : "4.50928381963",
      "_NEventsBest_" : "90",
      "_NEvents_" : "85",
      "_NObs_" : "90",
      "_PartInd_" : "0",
      "_PctRespBest_" : "100",
      "_PctResp_" : "94.4444444444",
      "_RespBest_" : "23.8726790451",
      "_Resp_" : "22.5464190981",
      "_TargetName_" : "BAD",
      "_Value_" : "0.788399958229",
      "_formattedPartition_" : "           0"
    },
    "rowNumber" : 2
  }, {
    "dataMap" : {
      "_Column_" : "P_BAD1",
      "_CumLiftBest_" : "4.77453580902",
      "_CumLift_" : "4.11140583554",
      "_CumPctRespBest_" : "100",
      "_CumPctResp_" : "86.1111111111",
      "_CumRespBest_" : "47.7453580902",
      "_CumResp_" : "41.1140583554",
      "_DataRole_" : "VALIDATE",
      "_Depth_" : "10",
      "_Event_" : "1",
      "_GainBest_" : "3.77453580902",
      "_Gain_" : "3.11140583554",
      "_LiftBest_" : "4.77453580902",
      "_Lift_" : "3.71352785146",
      "_NEventsBest_" : "90",
      "_NEvents_" : "70",
      "_NObs_" : "90",
      "_PartInd_" : "0",
      "_PctRespBest_" : "100",
      "_PctResp_" : "77.7777777778",
      "_RespBest_" : "23.8726790451",
      "_Resp_" : "18.5676392573",
      "_TargetName_" : "BAD",
      "_Value_" : "0.654182132339",
      "_formattedPartition_" : "           0"
    },
    "rowNumber" : 3
  }, {
    "dataMap" : {
      "_Column_" : "P_BAD1",
      "_CumLiftBest_" : "4.77453580902",
      "_CumLift_" : "3.81962864721",
      "_CumPctRespBest_" : "100",
      "_CumPctResp_" : "80",
      "_CumRespBest_" : "71.6180371353",
      "_CumResp_" : "57.2944297082",
      "_DataRole_" : "VALIDATE",
      "_Depth_" : "15",
      "_Event_" : "1",
      "_GainBest_" : "3.77453580902",
      "_Gain_" : "2.81962864721",
      "_LiftBest_" : "4.77453580902",
      "_Lift_" : "3.23607427056",
      "_NEventsBest_" : "90",
      "_NEvents_" : "61",
      "_NObs_" : "90",
      "_PartInd_" : "0",
      "_PctRespBest_" : "100",
      "_PctResp_" : "67.7777777778",
      "_RespBest_" : "23.8726790451",
      "_Resp_" : "16.1803713528",
      "_TargetName_" : "BAD",
      "_Value_" : "0.545520660032",
      "_formattedPartition_" : "           0"
    },
    "rowNumber" : 4
  }, {
    "dataMap" : {
      "_Column_" : "P_BAD1",
      "_CumLiftBest_" : "4.76127320955",
      "_CumLift_" : "3.54111405836",
      "_CumPctRespBest_" : "100",
      "_CumPctResp_" : "74.3732590529",
      "_CumRespBest_" : "95.225464191",
      "_CumResp_" : "70.8222811671",
      "_DataRole_" : "VALIDATE",
      "_Depth_" : "20",
      "_Event_" : "1",
      "_GainBest_" : "3.76127320955",
      "_Gain_" : "2.54111405836",
      "_LiftBest_" : "4.72148541114",
      "_Lift_" : "2.70557029178",
      "_NEventsBest_" : "89",
      "_NEvents_" : "51",
      "_NObs_" : "89",
      "_PartInd_" : "0",
      "_PctRespBest_" : "100",
      "_PctResp_" : "57.3033707865",
      "_RespBest_" : "23.6074270557",
      "_Resp_" : "13.5278514589",
      "_TargetName_" : "BAD",
      "_Value_" : "0.394677404908",
      "_formattedPartition_" : "           0"
    },
    "rowNumber" : 5
  }, {
    "dataMap" : {
      "_Column_" : "P_BAD1",
      "_CumLiftBest_" : "4",
      "_CumLift_" : "3.07692307692",
      "_CumPctRespBest_" : "84.1517857143",
      "_CumPctResp_" : "64.7321428571",
      "_CumRespBest_" : "100",
      "_CumResp_" : "76.9230769231",
      "_DataRole_" : "VALIDATE",
      "_Depth_" : "25",
      "_Event_" : "1",
      "_GainBest_" : "3",
      "_Gain_" : "2.07692307692",
      "_LiftBest_" : "0.954907161804",
      "_Lift_" : "1.22015915119",
      "_NEventsBest_" : "18",
      "_NEvents_" : "23",
      "_NObs_" : "89",
      "_PartInd_" : "0",
      "_PctRespBest_" : "20.2247191011",
      "_PctResp_" : "25.8426966292",
      "_RespBest_" : "4.77453580902",
      "_Resp_" : "6.10079575597",
      "_TargetName_" : "BAD",
      "_Value_" : "0.261298174932",
      "_formattedPartition_" : "           0"
    },
    "rowNumber" : 6
  }, {
    "dataMap" : {
      "_Column_" : "P_BAD1",
      "_CumLiftBest_" : "3.33333333333",
      "_CumLift_" : "2.76746242263",
      "_CumPctRespBest_" : "69.9443413729",
      "_CumPctResp_" : "58.0705009276",
      "_CumRespBest_" : "100",
      "_CumResp_" : "83.023872679",
      "_DataRole_" : "VALIDATE",
      "_Depth_" : "30",
      "_Event_" : "1",
      "_GainBest_" : "2.33333333333",
      "_Gain_" : "1.76746242263",
      "_LiftBest_" : "0",
      "_Lift_" : "1.22015915119",
      "_NEventsBest_" : "0",
      "_NEvents_" : "23",
      "_NObs_" : "91",
      "_PartInd_" : "0",
      "_PctRespBest_" : "0",
      "_PctResp_" : "25.2747252747",
      "_RespBest_" : "0",
      "_Resp_" : "6.10079575597",
      "_TargetName_" : "BAD",
      "_Value_" : "0.164094298473",
      "_formattedPartition_" : "           0"
    },
    "rowNumber" : 7
  }, {
    "dataMap" : {
      "_Column_" : "P_BAD1",
      "_CumLiftBest_" : "2.85714285714",
      "_CumLift_" : "2.45547555892",
      "_CumPctRespBest_" : "60.1275917065",
      "_CumPctResp_" : "51.6746411483",
      "_CumRespBest_" : "100",
      "_CumResp_" : "85.9416445623",
      "_DataRole_" : "VALIDATE",
      "_Depth_" : "35",
      "_Event_" : "1",
      "_GainBest_" : "1.85714285714",
      "_Gain_" : "1.45547555892",
      "_LiftBest_" : "0",
      "_Lift_" : "0.583554376658",
      "_NEventsBest_" : "0",
      "_NEvents_" : "11",
      "_NObs_" : "88",
      "_PartInd_" : "0",
      "_PctRespBest_" : "0",
      "_PctResp_" : "12.5",
      "_RespBest_" : "0",
      "_Resp_" : "2.91777188329",
      "_TargetName_" : "BAD",
      "_Value_" : "0.128793863524",
      "_formattedPartition_" : "           0"
    },
    "rowNumber" : 8
  }, {
    "dataMap" : {
      "_Column_" : "P_BAD1",
      "_CumLiftBest_" : "2.5",
      "_CumLift_" : "2.1949602122",
      "_CumPctRespBest_" : "52.580195258",
      "_CumPctResp_" : "46.1645746165",
      "_CumRespBest_" : "100",
      "_CumResp_" : "87.7984084881",
      "_DataRole_" : "VALIDATE",
      "_Depth_" : "40",
      "_Event_" : "1",
      "_GainBest_" : "1.5",
      "_Gain_" : "1.1949602122",
      "_LiftBest_" : "0",
      "_Lift_" : "0.371352785146",
      "_NEventsBest_" : "0",
      "_NEvents_" : "7",
      "_NObs_" : "90",
      "_PartInd_" : "0",
      "_PctRespBest_" : "0",
      "_PctResp_" : "7.77777777778",
      "_RespBest_" : "0",
      "_Resp_" : "1.85676392573",
      "_TargetName_" : "BAD",
      "_Value_" : "0.105118187487",
      "_formattedPartition_" : "           0"
    },
    "rowNumber" : 9
  }, {
    "dataMap" : {
      "_Column_" : "P_BAD1",
      "_CumLiftBest_" : "2.22222222222",
      "_CumLift_" : "1.98054818744",
      "_CumPctRespBest_" : "46.7741935484",
      "_CumPctResp_" : "41.6873449132",
      "_CumRespBest_" : "100",
      "_CumResp_" : "89.124668435",
      "_DataRole_" : "VALIDATE",
      "_Depth_" : "45",
      "_Event_" : "1",
      "_GainBest_" : "1.22222222222",
      "_Gain_" : "0.980548187445",
      "_LiftBest_" : "0",
      "_Lift_" : "0.26525198939",
      "_NEventsBest_" : "0",
      "_NEvents_" : "5",
      "_NObs_" : "89",
      "_PartInd_" : "0",
      "_PctRespBest_" : "0",
      "_PctResp_" : "5.61797752809",
      "_RespBest_" : "0",
      "_Resp_" : "1.32625994695",
      "_TargetName_" : "BAD",
      "_Value_" : "0.085859627738",
      "_formattedPartition_" : "           0"
    },
    "rowNumber" : 10
  }, {
    "dataMap" : {
      "_Column_" : "P_BAD1",
      "_CumLiftBest_" : "2",
      "_CumLift_" : "1.81432360743",
      "_CumPctRespBest_" : "42.1229050279",
      "_CumPctResp_" : "38.2122905028",
      "_CumRespBest_" : "100",
      "_CumResp_" : "90.7161803714",
      "_DataRole_" : "VALIDATE",
      "_Depth_" : "50",
      "_Event_" : "1",
      "_GainBest_" : "1",
      "_Gain_" : "0.814323607427",
      "_LiftBest_" : "0",
      "_Lift_" : "0.318302387268",
      "_NEventsBest_" : "0",
      "_NEvents_" : "6",
      "_NObs_" : "89",
      "_PartInd_" : "0",
      "_PctRespBest_" : "0",
      "_PctResp_" : "6.74157303371",
      "_RespBest_" : "0",
      "_Resp_" : "1.59151193634",
      "_TargetName_" : "BAD",
      "_Value_" : "0.0737971927409",
      "_formattedPartition_" : "           0"
    },
    "rowNumber" : 11
  }, {
    "dataMap" : {
      "_Column_" : "P_BAD1",
      "_CumLiftBest_" : "1.81818181818",
      "_CumLift_" : "1.67349891488",
      "_CumPctRespBest_" : "38.2741116751",
      "_CumPctResp_" : "35.2284263959",
      "_CumRespBest_" : "100",
      "_CumResp_" : "92.0424403183",
      "_DataRole_" : "VALIDATE",
      "_Depth_" : "55",
      "_Event_" : "1",
      "_GainBest_" : "0.818181818182",
      "_Gain_" : "0.673498914878",
      "_LiftBest_" : "0",
      "_Lift_" : "0.26525198939",
      "_NEventsBest_" : "0",
      "_NEvents_" : "5",
      "_NObs_" : "90",
      "_PartInd_" : "0",
      "_PctRespBest_" : "0",
      "_PctResp_" : "5.55555555556",
      "_RespBest_" : "0",
      "_Resp_" : "1.32625994695",
      "_TargetName_" : "BAD",
      "_Value_" : "0.0629663072372",
      "_formattedPartition_" : "           0"
    },
    "rowNumber" : 12
  }, {
    "dataMap" : {
      "_Column_" : "P_BAD1",
      "_CumLiftBest_" : "1.66666666667",
      "_CumLift_" : "1.54730327144",
      "_CumPctRespBest_" : "35.1024208566",
      "_CumPctResp_" : "32.5884543762",
      "_CumRespBest_" : "100",
      "_CumResp_" : "92.8381962865",
      "_DataRole_" : "VALIDATE",
      "_Depth_" : "60",
      "_Event_" : "1",
      "_GainBest_" : "0.666666666667",
      "_Gain_" : "0.547303271441",
      "_LiftBest_" : "0",
      "_Lift_" : "0.159151193634",
      "_NEventsBest_" : "0",
      "_NEvents_" : "3",
      "_NObs_" : "89",
      "_PartInd_" : "0",
      "_PctRespBest_" : "0",
      "_PctResp_" : "3.37078651685",
      "_RespBest_" : "0",
      "_Resp_" : "0.79575596817",
      "_TargetName_" : "BAD",
      "_Value_" : "0.0571725124805",
      "_formattedPartition_" : "           0"
    },
    "rowNumber" : 13
  }, {
    "dataMap" : {
      "_Column_" : "P_BAD1",
      "_CumLiftBest_" : "1.53846153846",
      "_CumLift_" : "1.44460314222",
      "_CumPctRespBest_" : "32.3883161512",
      "_CumPctResp_" : "30.412371134",
      "_CumRespBest_" : "100",
      "_CumResp_" : "93.899204244",
      "_DataRole_" : "VALIDATE",
      "_Depth_" : "65",
      "_Event_" : "1",
      "_GainBest_" : "0.538461538462",
      "_Gain_" : "0.444603142216",
      "_LiftBest_" : "0",
      "_Lift_" : "0.212201591512",
      "_NEventsBest_" : "0",
      "_NEvents_" : "4",
      "_NObs_" : "90",
      "_PartInd_" : "0",
      "_PctRespBest_" : "0",
      "_PctResp_" : "4.44444444444",
      "_RespBest_" : "0",
      "_Resp_" : "1.06100795756",
      "_TargetName_" : "BAD",
      "_Value_" : "0.0510034923347",
      "_formattedPartition_" : "           0"
    },
    "rowNumber" : 14
  }, {
    "dataMap" : {
      "_Column_" : "P_BAD1",
      "_CumLiftBest_" : "1.42857142857",
      "_CumLift_" : "1.34899583175",
      "_CumPctRespBest_" : "30.0877893057",
      "_CumPctResp_" : "28.411811652",
      "_CumRespBest_" : "100",
      "_CumResp_" : "94.4297082228",
      "_DataRole_" : "VALIDATE",
      "_Depth_" : "70",
      "_Event_" : "1",
      "_GainBest_" : "0.428571428571",
      "_Gain_" : "0.348995831754",
      "_LiftBest_" : "0",
      "_Lift_" : "0.106100795756",
      "_NEventsBest_" : "0",
      "_NEvents_" : "2",
      "_NObs_" : "89",
      "_PartInd_" : "0",
      "_PctRespBest_" : "0",
      "_PctResp_" : "2.24719101124",
      "_RespBest_" : "0",
      "_Resp_" : "0.53050397878",
      "_TargetName_" : "BAD",
      "_Value_" : "0.0471919763322",
      "_formattedPartition_" : "           0"
    },
    "rowNumber" : 15
  }, {
    "dataMap" : {
      "_Column_" : "P_BAD1",
      "_CumLiftBest_" : "1.33333333333",
      "_CumLift_" : "1.27674624226",
      "_CumPctRespBest_" : "28.0923994039",
      "_CumPctResp_" : "26.9001490313",
      "_CumRespBest_" : "100",
      "_CumResp_" : "95.7559681698",
      "_DataRole_" : "VALIDATE",
      "_Depth_" : "75",
      "_Event_" : "1",
      "_GainBest_" : "0.333333333333",
      "_Gain_" : "0.276746242263",
      "_LiftBest_" : "0",
      "_Lift_" : "0.26525198939",
      "_NEventsBest_" : "0",
      "_NEvents_" : "5",
      "_NObs_" : "89",
      "_PartInd_" : "0",
      "_PctRespBest_" : "0",
      "_PctResp_" : "5.61797752809",
      "_RespBest_" : "0",
      "_Resp_" : "1.32625994695",
      "_TargetName_" : "BAD",
      "_Value_" : "0.0454760554312",
      "_formattedPartition_" : "           0"
    },
    "rowNumber" : 16
  }, {
    "dataMap" : {
      "_Column_" : "P_BAD1",
      "_CumLiftBest_" : "1.25",
      "_CumLift_" : "1.21021220159",
      "_CumPctRespBest_" : "26.3268156425",
      "_CumPctResp_" : "25.4888268156",
      "_CumRespBest_" : "100",
      "_CumResp_" : "96.8169761273",
      "_DataRole_" : "VALIDATE",
      "_Depth_" : "80",
      "_Event_" : "1",
      "_GainBest_" : "0.25",
      "_Gain_" : "0.210212201592",
      "_LiftBest_" : "0",
      "_Lift_" : "0.212201591512",
      "_NEventsBest_" : "0",
      "_NEvents_" : "4",
      "_NObs_" : "90",
      "_PartInd_" : "0",
      "_PctRespBest_" : "0",
      "_PctResp_" : "4.44444444444",
      "_RespBest_" : "0",
      "_Resp_" : "1.06100795756",
      "_TargetName_" : "BAD",
      "_Value_" : "0.0443880701384",
      "_formattedPartition_" : "           0"
    },
    "rowNumber" : 17
  }, {
    "dataMap" : {
      "_Column_" : "P_BAD1",
      "_CumLiftBest_" : "1.17647058824",
      "_CumLift_" : "1.1421438602",
      "_CumPctRespBest_" : "24.7863247863",
      "_CumPctResp_" : "24.0631163708",
      "_CumRespBest_" : "100",
      "_CumResp_" : "97.0822281167",
      "_DataRole_" : "VALIDATE",
      "_Depth_" : "85",
      "_Event_" : "1",
      "_GainBest_" : "0.176470588235",
      "_Gain_" : "0.142143860197",
      "_LiftBest_" : "0",
      "_Lift_" : "0.053050397878",
      "_NEventsBest_" : "0",
      "_NEvents_" : "1",
      "_NObs_" : "89",
      "_PartInd_" : "0",
      "_PctRespBest_" : "0",
      "_PctResp_" : "1.12359550562",
      "_RespBest_" : "0",
      "_Resp_" : "0.26525198939",
      "_TargetName_" : "BAD",
      "_Value_" : "0.0412469709632",
      "_formattedPartition_" : "           0"
    },
    "rowNumber" : 18
  }, {
    "dataMap" : {
      "_Column_" : "P_BAD1",
      "_CumLiftBest_" : "1.11111111111",
      "_CumLift_" : "1.09342764515",
      "_CumPctRespBest_" : "23.4016139044",
      "_CumPctResp_" : "23.0291744258",
      "_CumRespBest_" : "100",
      "_CumResp_" : "98.4084880637",
      "_DataRole_" : "VALIDATE",
      "_Depth_" : "90",
      "_Event_" : "1",
      "_GainBest_" : "0.111111111111",
      "_Gain_" : "0.0934276451518",
      "_LiftBest_" : "0",
      "_Lift_" : "0.26525198939",
      "_NEventsBest_" : "0",
      "_NEvents_" : "5",
      "_NObs_" : "90",
      "_PartInd_" : "0",
      "_PctRespBest_" : "0",
      "_PctResp_" : "5.55555555556",
      "_RespBest_" : "0",
      "_Resp_" : "1.32625994695",
      "_TargetName_" : "BAD",
      "_Value_" : "0.037364287738",
      "_formattedPartition_" : "           0"
    },
    "rowNumber" : 19
  }, {
    "dataMap" : {
      "_Column_" : "P_BAD1",
      "_CumLiftBest_" : "1.05263157895",
      "_CumLift_" : "1.04146307413",
      "_CumPctRespBest_" : "22.1764705882",
      "_CumPctResp_" : "21.9411764706",
      "_CumRespBest_" : "100",
      "_CumResp_" : "98.9389920424",
      "_DataRole_" : "VALIDATE",
      "_Depth_" : "95",
      "_Event_" : "1",
      "_GainBest_" : "0.0526315789474",
      "_Gain_" : "0.041463074131",
      "_LiftBest_" : "0",
      "_Lift_" : "0.106100795756",
      "_NEventsBest_" : "0",
      "_NEvents_" : "2",
      "_NObs_" : "89",
      "_PartInd_" : "0",
      "_PctRespBest_" : "0",
      "_PctResp_" : "2.24719101124",
      "_RespBest_" : "0",
      "_Resp_" : "0.53050397878",
      "_TargetName_" : "BAD",
      "_Value_" : "0.029718954253",
      "_formattedPartition_" : "           0"
    },
    "rowNumber" : 20
  }, {
    "dataMap" : {
      "_Column_" : "P_BAD1",
      "_CumLiftBest_" : "1",
      "_CumLift_" : "1",
      "_CumPctRespBest_" : "21.0850111857",
      "_CumPctResp_" : "21.0850111857",
      "_CumRespBest_" : "100",
      "_CumResp_" : "100",
      "_DataRole_" : "VALIDATE",
      "_Depth_" : "100",
      "_Event_" : "1",
      "_GainBest_" : "0",
      "_Gain_" : "0",
      "_LiftBest_" : "0",
      "_Lift_" : "0.212201591512",
      "_NEventsBest_" : "0",
      "_NEvents_" : "4",
      "_NObs_" : "88",
      "_PartInd_" : "0",
      "_PctRespBest_" : "0",
      "_PctResp_" : "4.54545454545",
      "_RespBest_" : "0",
      "_Resp_" : "1.06100795756",
      "_TargetName_" : "BAD",
      "_Value_" : "0.00547647647597",
      "_formattedPartition_" : "           0"
    },
    "rowNumber" : 21
  }, {
    "dataMap" : {
      "_Column_" : "P_BAD1",
      "_CumRespBest_" : "0",
      "_CumResp_" : "0",
      "_DataRole_" : "TRAIN",
      "_Depth_" : "0",
      "_Event_" : "1",
      "_NEventsBest_" : "0",
      "_NEvents_" : "0",
      "_NObs_" : "0",
      "_PartInd_" : "1",
      "_RespBest_" : "0",
      "_Resp_" : "0",
      "_TargetName_" : "BAD",
      "_Value_" : "0",
      "_formattedPartition_" : "           1"
    },
    "rowNumber" : 22
  }, {
    "dataMap" : {
      "_Column_" : "P_BAD1",
      "_CumLiftBest_" : "4.74801061008",
      "_CumLift_" : "4.74801061008",
      "_CumPctRespBest_" : "100",
      "_CumPctResp_" : "100",
      "_CumRespBest_" : "23.7400530504",
      "_CumResp_" : "23.7400530504",
      "_DataRole_" : "TRAIN",
      "_Depth_" : "5",
      "_Event_" : "1",
      "_GainBest_" : "3.74801061008",
      "_Gain_" : "3.74801061008",
      "_LiftBest_" : "4.74801061008",
      "_Lift_" : "4.74801061008",
      "_NEventsBest_" : "179",
      "_NEvents_" : "179",
      "_NObs_" : "179",
      "_PartInd_" : "1",
      "_PctRespBest_" : "100",
      "_PctResp_" : "100",
      "_RespBest_" : "23.7400530504",
      "_Resp_" : "23.7400530504",
      "_TargetName_" : "BAD",
      "_Value_" : "0.842593961396",
      "_formattedPartition_" : "           1"
    },
    "rowNumber" : 23
  }, {
    "dataMap" : {
      "_Column_" : "P_BAD1",
      "_CumLiftBest_" : "4.74801061008",
      "_CumLift_" : "4.68169761273",
      "_CumPctRespBest_" : "100",
      "_CumPctResp_" : "98.6033519553",
      "_CumRespBest_" : "47.4801061008",
      "_CumResp_" : "46.8169761273",
      "_DataRole_" : "TRAIN",
      "_Depth_" : "10",
      "_Event_" : "1",
      "_GainBest_" : "3.74801061008",
      "_Gain_" : "3.68169761273",
      "_LiftBest_" : "4.74801061008",
      "_Lift_" : "4.61538461538",
      "_NEventsBest_" : "179",
      "_NEvents_" : "174",
      "_NObs_" : "179",
      "_PartInd_" : "1",
      "_PctRespBest_" : "100",
      "_PctResp_" : "97.2067039106",
      "_RespBest_" : "23.7400530504",
      "_Resp_" : "23.0769230769",
      "_TargetName_" : "BAD",
      "_Value_" : "0.686171933834",
      "_formattedPartition_" : "           1"
    },
    "rowNumber" : 24
  }, {
    "dataMap" : {
      "_Column_" : "P_BAD1",
      "_CumLiftBest_" : "4.74801061008",
      "_CumLift_" : "4.27939876216",
      "_CumPctRespBest_" : "100",
      "_CumPctResp_" : "90.1303538175",
      "_CumRespBest_" : "71.2201591512",
      "_CumResp_" : "64.1909814324",
      "_DataRole_" : "TRAIN",
      "_Depth_" : "15",
      "_Event_" : "1",
      "_GainBest_" : "3.74801061008",
      "_Gain_" : "3.27939876216",
      "_LiftBest_" : "4.74801061008",
      "_Lift_" : "3.47480106101",
      "_NEventsBest_" : "179",
      "_NEvents_" : "131",
      "_NObs_" : "179",
      "_PartInd_" : "1",
      "_PctRespBest_" : "100",
      "_PctResp_" : "73.1843575419",
      "_RespBest_" : "23.7400530504",
      "_Resp_" : "17.374005305",
      "_TargetName_" : "BAD",
      "_Value_" : "0.51426657625",
      "_formattedPartition_" : "           1"
    },
    "rowNumber" : 25
  }, {
    "dataMap" : {
      "_Column_" : "P_BAD1",
      "_CumLiftBest_" : "4.74801061008",
      "_CumLift_" : "3.71352785146",
      "_CumPctRespBest_" : "100",
      "_CumPctResp_" : "78.2122905028",
      "_CumRespBest_" : "94.9602122016",
      "_CumResp_" : "74.2705570292",
      "_DataRole_" : "TRAIN",
      "_Depth_" : "20",
      "_Event_" : "1",
      "_GainBest_" : "3.74801061008",
      "_Gain_" : "2.71352785146",
      "_LiftBest_" : "4.74801061008",
      "_Lift_" : "2.01591511936",
      "_NEventsBest_" : "179",
      "_NEvents_" : "76",
      "_NObs_" : "179",
      "_PartInd_" : "1",
      "_PctRespBest_" : "100",
      "_PctResp_" : "42.4581005587",
      "_RespBest_" : "23.7400530504",
      "_Resp_" : "10.0795755968",
      "_TargetName_" : "BAD",
      "_Value_" : "0.385413560561",
      "_formattedPartition_" : "           1"
    },
    "rowNumber" : 26
  }, {
    "dataMap" : {
      "_Column_" : "P_BAD1",
      "_CumLiftBest_" : "4",
      "_CumLift_" : "3.27851458886",
      "_CumPctRespBest_" : "84.2458100559",
      "_CumPctResp_" : "69.0502793296",
      "_CumRespBest_" : "100",
      "_CumResp_" : "81.9628647215",
      "_DataRole_" : "TRAIN",
      "_Depth_" : "25",
      "_Event_" : "1",
      "_GainBest_" : "3",
      "_Gain_" : "2.27851458886",
      "_LiftBest_" : "1.00795755968",
      "_Lift_" : "1.53846153846",
      "_NEventsBest_" : "38",
      "_NEvents_" : "58",
      "_NObs_" : "179",
      "_PartInd_" : "1",
      "_PctRespBest_" : "21.2290502793",
      "_PctResp_" : "32.4022346369",
      "_RespBest_" : "5.03978779841",
      "_Resp_" : "7.69230769231",
      "_TargetName_" : "BAD",
      "_Value_" : "0.28572853476",
      "_formattedPartition_" : "           1"
    },
    "rowNumber" : 27
  }, {
    "dataMap" : {
      "_Column_" : "P_BAD1",
      "_CumLiftBest_" : "3.33333333333",
      "_CumLift_" : "2.97524314766",
      "_CumPctRespBest_" : "70.2048417132",
      "_CumPctResp_" : "62.6629422719",
      "_CumRespBest_" : "100",
      "_CumResp_" : "89.2572944297",
      "_DataRole_" : "TRAIN",
      "_Depth_" : "30",
      "_Event_" : "1",
      "_GainBest_" : "2.33333333333",
      "_Gain_" : "1.97524314766",
      "_LiftBest_" : "0",
      "_Lift_" : "1.45888594164",
      "_NEventsBest_" : "0",
      "_NEvents_" : "55",
      "_NObs_" : "179",
      "_PartInd_" : "1",
      "_PctRespBest_" : "0",
      "_PctResp_" : "30.7262569832",
      "_RespBest_" : "0",
      "_Resp_" : "7.29442970822",
      "_TargetName_" : "BAD",
      "_Value_" : "0.164463269233",
      "_formattedPartition_" : "           1"
    },
    "rowNumber" : 28
  }, {
    "dataMap" : {
      "_Column_" : "P_BAD1",
      "_CumLiftBest_" : "2.85714285714",
      "_CumLift_" : "2.6411519515",
      "_CumPctRespBest_" : "60.1755786113",
      "_CumPctResp_" : "55.6264964086",
      "_CumRespBest_" : "100",
      "_CumResp_" : "92.4403183024",
      "_DataRole_" : "TRAIN",
      "_Depth_" : "35",
      "_Event_" : "1",
      "_GainBest_" : "1.85714285714",
      "_Gain_" : "1.6411519515",
      "_LiftBest_" : "0",
      "_Lift_" : "0.636604774536",
      "_NEventsBest_" : "0",
      "_NEvents_" : "24",
      "_NObs_" : "179",
      "_PartInd_" : "1",
      "_PctRespBest_" : "0",
      "_PctResp_" : "13.4078212291",
      "_RespBest_" : "0",
      "_Resp_" : "3.18302387268",
      "_TargetName_" : "BAD",
      "_Value_" : "0.123244734261",
      "_formattedPartition_" : "           1"
    },
    "rowNumber" : 29
  }, {
    "dataMap" : {
      "_Column_" : "P_BAD1",
      "_CumLiftBest_" : "2.5",
      "_CumLift_" : "2.37068965517",
      "_CumPctRespBest_" : "52.6536312849",
      "_CumPctResp_" : "49.9301675978",
      "_CumRespBest_" : "100",
      "_CumResp_" : "94.8275862069",
      "_DataRole_" : "TRAIN",
      "_Depth_" : "40",
      "_Event_" : "1",
      "_GainBest_" : "1.5",
      "_Gain_" : "1.37068965517",
      "_LiftBest_" : "0",
      "_Lift_" : "0.477453580902",
      "_NEventsBest_" : "0",
      "_NEvents_" : "18",
      "_NObs_" : "179",
      "_PartInd_" : "1",
      "_PctRespBest_" : "0",
      "_PctResp_" : "10.0558659218",
      "_RespBest_" : "0",
      "_Resp_" : "2.38726790451",
      "_TargetName_" : "BAD",
      "_Value_" : "0.097594779597",
      "_formattedPartition_" : "           1"
    },
    "rowNumber" : 30
  }, {
    "dataMap" : {
      "_Column_" : "P_BAD1",
      "_CumLiftBest_" : "2.22222222222",
      "_CumLift_" : "2.15443560271",
      "_CumPctRespBest_" : "46.8032278088",
      "_CumPctResp_" : "45.3755431409",
      "_CumRespBest_" : "100",
      "_CumResp_" : "96.949602122",
      "_DataRole_" : "TRAIN",
      "_Depth_" : "45",
      "_Event_" : "1",
      "_GainBest_" : "1.22222222222",
      "_Gain_" : "1.15443560271",
      "_LiftBest_" : "0",
      "_Lift_" : "0.424403183024",
      "_NEventsBest_" : "0",
      "_NEvents_" : "16",
      "_NObs_" : "179",
      "_PartInd_" : "1",
      "_PctRespBest_" : "0",
      "_PctResp_" : "8.93854748603",
      "_RespBest_" : "0",
      "_Resp_" : "2.12201591512",
      "_TargetName_" : "BAD",
      "_Value_" : "0.0802311533053",
      "_formattedPartition_" : "           1"
    },
    "rowNumber" : 31
  }, {
    "dataMap" : {
      "_Column_" : "P_BAD1",
      "_CumLiftBest_" : "2",
      "_CumLift_" : "1.9549071618",
      "_CumPctRespBest_" : "42.146450531",
      "_CumPctResp_" : "41.1961989939",
      "_CumRespBest_" : "100",
      "_CumResp_" : "97.7453580902",
      "_DataRole_" : "TRAIN",
      "_Depth_" : "50",
      "_Event_" : "1",
      "_GainBest_" : "1",
      "_Gain_" : "0.954907161804",
      "_LiftBest_" : "0",
      "_Lift_" : "0.159151193634",
      "_NEventsBest_" : "0",
      "_NEvents_" : "6",
      "_NObs_" : "178",
      "_PartInd_" : "1",
      "_PctRespBest_" : "0",
      "_PctResp_" : "3.37078651685",
      "_RespBest_" : "0",
      "_Resp_" : "0.79575596817",
      "_TargetName_" : "BAD",
      "_Value_" : "0.0691977442327",
      "_formattedPartition_" : "           1"
    },
    "rowNumber" : 32
  }, {
    "dataMap" : {
      "_Column_" : "P_BAD1",
      "_CumLiftBest_" : "1.81818181818",
      "_CumLift_" : "1.79165661924",
      "_CumPctRespBest_" : "38.3130081301",
      "_CumPctResp_" : "37.7540650407",
      "_CumRespBest_" : "100",
      "_CumResp_" : "98.5411140584",
      "_DataRole_" : "TRAIN",
      "_Depth_" : "55",
      "_Event_" : "1",
      "_GainBest_" : "0.818181818182",
      "_Gain_" : "0.791656619243",
      "_LiftBest_" : "0",
      "_Lift_" : "0.159151193634",
      "_NEventsBest_" : "0",
      "_NEvents_" : "6",
      "_NObs_" : "179",
      "_PartInd_" : "1",
      "_PctRespBest_" : "0",
      "_PctResp_" : "3.35195530726",
      "_RespBest_" : "0",
      "_Resp_" : "0.79575596817",
      "_TargetName_" : "BAD",
      "_Value_" : "0.0602292783836",
      "_formattedPartition_" : "           1"
    },
    "rowNumber" : 33
  }, {
    "dataMap" : {
      "_Column_" : "P_BAD1",
      "_CumLiftBest_" : "1.66666666667",
      "_CumLift_" : "1.64456233422",
      "_CumPctRespBest_" : "35.1187703773",
      "_CumPctResp_" : "34.6530041919",
      "_CumRespBest_" : "100",
      "_CumResp_" : "98.6737400531",
      "_DataRole_" : "TRAIN",
      "_Depth_" : "60",
      "_Event_" : "1",
      "_GainBest_" : "0.666666666667",
      "_Gain_" : "0.644562334218",
      "_LiftBest_" : "0",
      "_Lift_" : "0.026525198939",
      "_NEventsBest_" : "0",
      "_NEvents_" : "1",
      "_NObs_" : "179",
      "_PartInd_" : "1",
      "_PctRespBest_" : "0",
      "_PctResp_" : "0.558659217877",
      "_RespBest_" : "0",
      "_Resp_" : "0.132625994695",
      "_TargetName_" : "BAD",
      "_Value_" : "0.0546079354394",
      "_formattedPartition_" : "           1"
    },
    "rowNumber" : 34
  }, {
    "dataMap" : {
      "_Column_" : "P_BAD1",
      "_CumLiftBest_" : "1.53846153846",
      "_CumLift_" : "1.5200979392",
      "_CumPctRespBest_" : "32.4022346369",
      "_CumPctResp_" : "32.015470563",
      "_CumRespBest_" : "100",
      "_CumResp_" : "98.8063660477",
      "_DataRole_" : "TRAIN",
      "_Depth_" : "65",
      "_Event_" : "1",
      "_GainBest_" : "0.538461538462",
      "_Gain_" : "0.520097939196",
      "_LiftBest_" : "0",
      "_Lift_" : "0.026525198939",
      "_NEventsBest_" : "0",
      "_NEvents_" : "1",
      "_NObs_" : "180",
      "_PartInd_" : "1",
      "_PctRespBest_" : "0",
      "_PctResp_" : "0.555555555556",
      "_RespBest_" : "0",
      "_Resp_" : "0.132625994695",
      "_TargetName_" : "BAD",
      "_Value_" : "0.0501719718141",
      "_formattedPartition_" : "           1"
    },
    "rowNumber" : 35
  }, {
    "dataMap" : {
      "_Column_" : "P_BAD1",
      "_CumLiftBest_" : "1.42857142857",
      "_CumLift_" : "1.41720348617",
      "_CumPctRespBest_" : "30.0877893057",
      "_CumPctResp_" : "29.8483639266",
      "_CumRespBest_" : "100",
      "_CumResp_" : "99.2042440318",
      "_DataRole_" : "TRAIN",
      "_Depth_" : "70",
      "_Event_" : "1",
      "_GainBest_" : "0.428571428571",
      "_Gain_" : "0.417203486169",
      "_LiftBest_" : "0",
      "_Lift_" : "0.079575596817",
      "_NEventsBest_" : "0",
      "_NEvents_" : "3",
      "_NObs_" : "179",
      "_PartInd_" : "1",
      "_PctRespBest_" : "0",
      "_PctResp_" : "1.67597765363",
      "_RespBest_" : "0",
      "_Resp_" : "0.397877984085",
      "_TargetName_" : "BAD",
      "_Value_" : "0.0469502937211",
      "_formattedPartition_" : "           1"
    },
    "rowNumber" : 36
  }, {
    "dataMap" : {
      "_Column_" : "P_BAD1",
      "_CumLiftBest_" : "1.33333333333",
      "_CumLift_" : "1.32802829355",
      "_CumPctRespBest_" : "28.0923994039",
      "_CumPctResp_" : "27.9806259314",
      "_CumRespBest_" : "100",
      "_CumResp_" : "99.6021220159",
      "_DataRole_" : "TRAIN",
      "_Depth_" : "75",
      "_Event_" : "1",
      "_GainBest_" : "0.333333333333",
      "_Gain_" : "0.328028293546",
      "_LiftBest_" : "0",
      "_Lift_" : "0.079575596817",
      "_NEventsBest_" : "0",
      "_NEvents_" : "3",
      "_NObs_" : "178",
      "_PartInd_" : "1",
      "_PctRespBest_" : "0",
      "_PctResp_" : "1.68539325843",
      "_RespBest_" : "0",
      "_Resp_" : "0.397877984085",
      "_TargetName_" : "BAD",
      "_Value_" : "0.045143923936",
      "_formattedPartition_" : "           1"
    },
    "rowNumber" : 37
  }, {
    "dataMap" : {
      "_Column_" : "P_BAD1",
      "_CumLiftBest_" : "1.25",
      "_CumLift_" : "1.24668435013",
      "_CumPctRespBest_" : "26.3452131377",
      "_CumPctResp_" : "26.2753319357",
      "_CumRespBest_" : "100",
      "_CumResp_" : "99.7347480106",
      "_DataRole_" : "TRAIN",
      "_Depth_" : "80",
      "_Event_" : "1",
      "_GainBest_" : "0.25",
      "_Gain_" : "0.246684350133",
      "_LiftBest_" : "0",
      "_Lift_" : "0.026525198939",
      "_NEventsBest_" : "0",
      "_NEvents_" : "1",
      "_NObs_" : "178",
      "_PartInd_" : "1",
      "_PctRespBest_" : "0",
      "_PctResp_" : "0.561797752809",
      "_RespBest_" : "0",
      "_Resp_" : "0.132625994695",
      "_TargetName_" : "BAD",
      "_Value_" : "0.0433233142089",
      "_formattedPartition_" : "           1"
    },
    "rowNumber" : 38
  }, {
    "dataMap" : {
      "_Column_" : "P_BAD1",
      "_CumLiftBest_" : "1.17647058824",
      "_CumLift_" : "1.17491028242",
      "_CumPctRespBest_" : "24.7944755015",
      "_CumPctResp_" : "24.7615915817",
      "_CumRespBest_" : "100",
      "_CumResp_" : "99.8673740053",
      "_DataRole_" : "TRAIN",
      "_Depth_" : "85",
      "_Event_" : "1",
      "_GainBest_" : "0.176470588235",
      "_Gain_" : "0.174910282415",
      "_LiftBest_" : "0",
      "_Lift_" : "0.026525198939",
      "_NEventsBest_" : "0",
      "_NEvents_" : "1",
      "_NObs_" : "179",
      "_PartInd_" : "1",
      "_PctRespBest_" : "0",
      "_PctResp_" : "0.558659217877",
      "_RespBest_" : "0",
      "_Resp_" : "0.132625994695",
      "_TargetName_" : "BAD",
      "_Value_" : "0.0404715394872",
      "_formattedPartition_" : "           1"
    },
    "rowNumber" : 39
  }, {
    "dataMap" : {
      "_Column_" : "P_BAD1",
      "_CumLiftBest_" : "1.11111111111",
      "_CumLift_" : "1.11111111111",
      "_CumPctRespBest_" : "23.4161490683",
      "_CumPctResp_" : "23.4161490683",
      "_CumRespBest_" : "100",
      "_CumResp_" : "100",
      "_DataRole_" : "TRAIN",
      "_Depth_" : "90",
      "_Event_" : "1",
      "_GainBest_" : "0.111111111111",
      "_Gain_" : "0.111111111111",
      "_LiftBest_" : "0",
      "_Lift_" : "0.026525198939",
      "_NEventsBest_" : "0",
      "_NEvents_" : "1",
      "_NObs_" : "179",
      "_PartInd_" : "1",
      "_PctRespBest_" : "0",
      "_PctResp_" : "0.558659217877",
      "_RespBest_" : "0",
      "_Resp_" : "0.132625994695",
      "_TargetName_" : "BAD",
      "_Value_" : "0.0366487674219",
      "_formattedPartition_" : "           1"
    },
    "rowNumber" : 40
  }, {
    "dataMap" : {
      "_Column_" : "P_BAD1",
      "_CumLiftBest_" : "1.05263157895",
      "_CumLift_" : "1.05263157895",
      "_CumPctRespBest_" : "22.1829949985",
      "_CumPctResp_" : "22.1829949985",
      "_CumRespBest_" : "100",
      "_CumResp_" : "100",
      "_DataRole_" : "TRAIN",
      "_Depth_" : "95",
      "_Event_" : "1",
      "_GainBest_" : "0.0526315789474",
      "_Gain_" : "0.0526315789474",
      "_LiftBest_" : "0",
      "_Lift_" : "0",
      "_NEventsBest_" : "0",
      "_NEvents_" : "0",
      "_NObs_" : "179",
      "_PartInd_" : "1",
      "_PctRespBest_" : "0",
      "_PctResp_" : "0",
      "_RespBest_" : "0",
      "_Resp_" : "0",
      "_TargetName_" : "BAD",
      "_Value_" : "0.0301846988673",
      "_formattedPartition_" : "           1"
    },
    "rowNumber" : 41
  }, {
    "dataMap" : {
      "_Column_" : "P_BAD1",
      "_CumLiftBest_" : "1",
      "_CumLift_" : "1",
      "_CumPctRespBest_" : "21.0850111857",
      "_CumPctResp_" : "21.0850111857",
      "_CumRespBest_" : "100",
      "_CumResp_" : "100",
      "_DataRole_" : "TRAIN",
      "_Depth_" : "100",
      "_Event_" : "1",
      "_GainBest_" : "0",
      "_Gain_" : "0",
      "_LiftBest_" : "0",
      "_Lift_" : "0",
      "_NEventsBest_" : "0",
      "_NEvents_" : "0",
      "_NObs_" : "177",
      "_PartInd_" : "1",
      "_PctRespBest_" : "0",
      "_PctResp_" : "0",
      "_RespBest_" : "0",
      "_Resp_" : "0",
      "_TargetName_" : "BAD",
      "_Value_" : "0.00708350641781",
      "_formattedPartition_" : "           1"
    },
    "rowNumber" : 42
  }, {
    "dataMap" : {
      "_Column_" : "P_BAD1",
      "_CumRespBest_" : "0",
      "_CumResp_" : "0",
      "_DataRole_" : "TEST",
      "_Depth_" : "0",
      "_Event_" : "1",
      "_NEventsBest_" : "0",
      "_NEvents_" : "0",
      "_NObs_" : "0",
      "_PartInd_" : "2",
      "_RespBest_" : "0",
      "_Resp_" : "0",
      "_TargetName_" : "BAD",
      "_Value_" : "0",
      "_formattedPartition_" : "           2"
    },
    "rowNumber" : 43
  }, {
    "dataMap" : {
      "_Column_" : "P_BAD1",
      "_CumLiftBest_" : "4.7619047619",
      "_CumLift_" : "4.28571428571",
      "_CumPctRespBest_" : "100",
      "_CumPctResp_" : "90",
      "_CumRespBest_" : "23.8095238095",
      "_CumResp_" : "21.4285714286",
      "_DataRole_" : "TEST",
      "_Depth_" : "5",
      "_Event_" : "1",
      "_GainBest_" : "3.7619047619",
      "_Gain_" : "3.28571428571",
      "_LiftBest_" : "4.7619047619",
      "_Lift_" : "4.28571428571",
      "_NEventsBest_" : "30",
      "_NEvents_" : "27",
      "_NObs_" : "30",
      "_PartInd_" : "2",
      "_PctRespBest_" : "100",
      "_PctResp_" : "90",
      "_RespBest_" : "23.8095238095",
      "_Resp_" : "21.4285714286",
      "_TargetName_" : "BAD",
      "_Value_" : "0.76592151453",
      "_formattedPartition_" : "           2"
    },
    "rowNumber" : 44
  }, {
    "dataMap" : {
      "_Column_" : "P_BAD1",
      "_CumLiftBest_" : "4.7619047619",
      "_CumLift_" : "4.12698412698",
      "_CumPctRespBest_" : "100",
      "_CumPctResp_" : "86.6666666667",
      "_CumRespBest_" : "47.619047619",
      "_CumResp_" : "41.2698412698",
      "_DataRole_" : "TEST",
      "_Depth_" : "10",
      "_Event_" : "1",
      "_GainBest_" : "3.7619047619",
      "_Gain_" : "3.12698412698",
      "_LiftBest_" : "4.7619047619",
      "_Lift_" : "3.96825396825",
      "_NEventsBest_" : "30",
      "_NEvents_" : "25",
      "_NObs_" : "30",
      "_PartInd_" : "2",
      "_PctRespBest_" : "100",
      "_PctResp_" : "83.3333333333",
      "_RespBest_" : "23.8095238095",
      "_Resp_" : "19.8412698413",
      "_TargetName_" : "BAD",
      "_Value_" : "0.668202479667",
      "_formattedPartition_" : "           2"
    },
    "rowNumber" : 45
  }, {
    "dataMap" : {
      "_Column_" : "P_BAD1",
      "_CumLiftBest_" : "4.7619047619",
      "_CumLift_" : "3.80952380952",
      "_CumPctRespBest_" : "100",
      "_CumPctResp_" : "80",
      "_CumRespBest_" : "71.4285714286",
      "_CumResp_" : "57.1428571429",
      "_DataRole_" : "TEST",
      "_Depth_" : "15",
      "_Event_" : "1",
      "_GainBest_" : "3.7619047619",
      "_Gain_" : "2.80952380952",
      "_LiftBest_" : "4.7619047619",
      "_Lift_" : "3.1746031746",
      "_NEventsBest_" : "30",
      "_NEvents_" : "20",
      "_NObs_" : "30",
      "_PartInd_" : "2",
      "_PctRespBest_" : "100",
      "_PctResp_" : "66.6666666667",
      "_RespBest_" : "23.8095238095",
      "_Resp_" : "15.873015873",
      "_TargetName_" : "BAD",
      "_Value_" : "0.521306747827",
      "_formattedPartition_" : "           2"
    },
    "rowNumber" : 46
  }, {
    "dataMap" : {
      "_Column_" : "P_BAD1",
      "_CumLiftBest_" : "4.7619047619",
      "_CumLift_" : "3.45238095238",
      "_CumPctRespBest_" : "100",
      "_CumPctResp_" : "72.5",
      "_CumRespBest_" : "95.2380952381",
      "_CumResp_" : "69.0476190476",
      "_DataRole_" : "TEST",
      "_Depth_" : "20",
      "_Event_" : "1",
      "_GainBest_" : "3.7619047619",
      "_Gain_" : "2.45238095238",
      "_LiftBest_" : "4.7619047619",
      "_Lift_" : "2.38095238095",
      "_NEventsBest_" : "30",
      "_NEvents_" : "15",
      "_NObs_" : "30",
      "_PartInd_" : "2",
      "_PctRespBest_" : "100",
      "_PctResp_" : "50",
      "_RespBest_" : "23.8095238095",
      "_Resp_" : "11.9047619048",
      "_TargetName_" : "BAD",
      "_Value_" : "0.400513576479",
      "_formattedPartition_" : "           2"
    },
    "rowNumber" : 47
  }, {
    "dataMap" : {
      "_Column_" : "P_BAD1",
      "_CumLiftBest_" : "4",
      "_CumLift_" : "2.98412698413",
      "_CumPctRespBest_" : "84",
      "_CumPctResp_" : "62.6666666667",
      "_CumRespBest_" : "100",
      "_CumResp_" : "74.6031746032",
      "_DataRole_" : "TEST",
      "_Depth_" : "25",
      "_Event_" : "1",
      "_GainBest_" : "3",
      "_Gain_" : "1.98412698413",
      "_LiftBest_" : "0.952380952381",
      "_Lift_" : "1.11111111111",
      "_NEventsBest_" : "6",
      "_NEvents_" : "7",
      "_NObs_" : "30",
      "_PartInd_" : "2",
      "_PctRespBest_" : "20",
      "_PctResp_" : "23.3333333333",
      "_RespBest_" : "4.7619047619",
      "_Resp_" : "5.55555555556",
      "_TargetName_" : "BAD",
      "_Value_" : "0.255803095534",
      "_formattedPartition_" : "           2"
    },
    "rowNumber" : 48
  }, {
    "dataMap" : {
      "_Column_" : "P_BAD1",
      "_CumLiftBest_" : "3.33333333333",
      "_CumLift_" : "2.72486772487",
      "_CumPctRespBest_" : "70",
      "_CumPctResp_" : "57.2222222222",
      "_CumRespBest_" : "100",
      "_CumResp_" : "81.746031746",
      "_DataRole_" : "TEST",
      "_Depth_" : "30",
      "_Event_" : "1",
      "_GainBest_" : "2.33333333333",
      "_Gain_" : "1.72486772487",
      "_LiftBest_" : "0",
      "_Lift_" : "1.42857142857",
      "_NEventsBest_" : "0",
      "_NEvents_" : "9",
      "_NObs_" : "30",
      "_PartInd_" : "2",
      "_PctRespBest_" : "0",
      "_PctResp_" : "30",
      "_RespBest_" : "0",
      "_Resp_" : "7.14285714286",
      "_TargetName_" : "BAD",
      "_Value_" : "0.156072083515",
      "_formattedPartition_" : "           2"
    },
    "rowNumber" : 49
  }, {
    "dataMap" : {
      "_Column_" : "P_BAD1",
      "_CumLiftBest_" : "2.85714285714",
      "_CumLift_" : "2.38095238095",
      "_CumPctRespBest_" : "60",
      "_CumPctResp_" : "50",
      "_CumRespBest_" : "100",
      "_CumResp_" : "83.3333333333",
      "_DataRole_" : "TEST",
      "_Depth_" : "35",
      "_Event_" : "1",
      "_GainBest_" : "1.85714285714",
      "_Gain_" : "1.38095238095",
      "_LiftBest_" : "0",
      "_Lift_" : "0.31746031746",
      "_NEventsBest_" : "0",
      "_NEvents_" : "2",
      "_NObs_" : "30",
      "_PartInd_" : "2",
      "_PctRespBest_" : "0",
      "_PctResp_" : "6.66666666667",
      "_RespBest_" : "0",
      "_Resp_" : "1.5873015873",
      "_TargetName_" : "BAD",
      "_Value_" : "0.124361655876",
      "_formattedPartition_" : "           2"
    },
    "rowNumber" : 50
  }, {
    "dataMap" : {
      "_Column_" : "P_BAD1",
      "_CumLiftBest_" : "2.5",
      "_CumLift_" : "2.1626984127",
      "_CumPctRespBest_" : "52.5",
      "_CumPctResp_" : "45.4166666667",
      "_CumRespBest_" : "100",
      "_CumResp_" : "86.5079365079",
      "_DataRole_" : "TEST",
      "_Depth_" : "40",
      "_Event_" : "1",
      "_GainBest_" : "1.5",
      "_Gain_" : "1.1626984127",
      "_LiftBest_" : "0",
      "_Lift_" : "0.634920634921",
      "_NEventsBest_" : "0",
      "_NEvents_" : "4",
      "_NObs_" : "30",
      "_PartInd_" : "2",
      "_PctRespBest_" : "0",
      "_PctResp_" : "13.3333333333",
      "_RespBest_" : "0",
      "_Resp_" : "3.1746031746",
      "_TargetName_" : "BAD",
      "_Value_" : "0.102975042915",
      "_formattedPartition_" : "           2"
    },
    "rowNumber" : 51
  }, {
    "dataMap" : {
      "_Column_" : "P_BAD1",
      "_CumLiftBest_" : "2.22222222222",
      "_CumLift_" : "1.95767195767",
      "_CumPctRespBest_" : "46.6666666667",
      "_CumPctResp_" : "41.1111111111",
      "_CumRespBest_" : "100",
      "_CumResp_" : "88.0952380952",
      "_DataRole_" : "TEST",
      "_Depth_" : "45",
      "_Event_" : "1",
      "_GainBest_" : "1.22222222222",
      "_Gain_" : "0.957671957672",
      "_LiftBest_" : "0",
      "_Lift_" : "0.31746031746",
      "_NEventsBest_" : "0",
      "_NEvents_" : "2",
      "_NObs_" : "30",
      "_PartInd_" : "2",
      "_PctRespBest_" : "0",
      "_PctResp_" : "6.66666666667",
      "_RespBest_" : "0",
      "_Resp_" : "1.5873015873",
      "_TargetName_" : "BAD",
      "_Value_" : "0.0837873370139",
      "_formattedPartition_" : "           2"
    },
    "rowNumber" : 52
  }, {
    "dataMap" : {
      "_Column_" : "P_BAD1",
      "_CumLiftBest_" : "2",
      "_CumLift_" : "1.79365079365",
      "_CumPctRespBest_" : "42.1404682274",
      "_CumPctResp_" : "37.7926421405",
      "_CumRespBest_" : "100",
      "_CumResp_" : "89.6825396825",
      "_DataRole_" : "TEST",
      "_Depth_" : "50",
      "_Event_" : "1",
      "_GainBest_" : "1",
      "_Gain_" : "0.793650793651",
      "_LiftBest_" : "0",
      "_Lift_" : "0.31746031746",
      "_NEventsBest_" : "0",
      "_NEvents_" : "2",
      "_NObs_" : "29",
      "_PartInd_" : "2",
      "_PctRespBest_" : "0",
      "_PctResp_" : "6.89655172414",
      "_RespBest_" : "0",
      "_Resp_" : "1.5873015873",
      "_TargetName_" : "BAD",
      "_Value_" : "0.0728075487091",
      "_formattedPartition_" : "           2"
    },
    "rowNumber" : 53
  }, {
    "dataMap" : {
      "_Column_" : "P_BAD1",
      "_CumLiftBest_" : "1.81818181818",
      "_CumLift_" : "1.67388167388",
      "_CumPctRespBest_" : "38.2978723404",
      "_CumPctResp_" : "35.2583586626",
      "_CumRespBest_" : "100",
      "_CumResp_" : "92.0634920635",
      "_DataRole_" : "TEST",
      "_Depth_" : "55",
      "_Event_" : "1",
      "_GainBest_" : "0.818181818182",
      "_Gain_" : "0.673881673882",
      "_LiftBest_" : "0",
      "_Lift_" : "0.47619047619",
      "_NEventsBest_" : "0",
      "_NEvents_" : "3",
      "_NObs_" : "30",
      "_PartInd_" : "2",
      "_PctRespBest_" : "0",
      "_PctResp_" : "10",
      "_RespBest_" : "0",
      "_Resp_" : "2.38095238095",
      "_TargetName_" : "BAD",
      "_Value_" : "0.0656913481512",
      "_formattedPartition_" : "           2"
    },
    "rowNumber" : 54
  }, {
    "dataMap" : {
      "_Column_" : "P_BAD1",
      "_CumLiftBest_" : "1.66666666667",
      "_CumLift_" : "1.56084656085",
      "_CumPctRespBest_" : "35.0974930362",
      "_CumPctResp_" : "32.8690807799",
      "_CumRespBest_" : "100",
      "_CumResp_" : "93.6507936508",
      "_DataRole_" : "TEST",
      "_Depth_" : "60",
      "_Event_" : "1",
      "_GainBest_" : "0.666666666667",
      "_Gain_" : "0.560846560847",
      "_LiftBest_" : "0",
      "_Lift_" : "0.31746031746",
      "_NEventsBest_" : "0",
      "_NEvents_" : "2",
      "_NObs_" : "30",
      "_PartInd_" : "2",
      "_PctRespBest_" : "0",
      "_PctResp_" : "6.66666666667",
      "_RespBest_" : "0",
      "_Resp_" : "1.5873015873",
      "_TargetName_" : "BAD",
      "_Value_" : "0.0576330558526",
      "_formattedPartition_" : "           2"
    },
    "rowNumber" : 55
  }, {
    "dataMap" : {
      "_Column_" : "P_BAD1",
      "_CumLiftBest_" : "1.53846153846",
      "_CumLift_" : "1.45299145299",
      "_CumPctRespBest_" : "32.3907455013",
      "_CumPctResp_" : "30.5912596401",
      "_CumRespBest_" : "100",
      "_CumResp_" : "94.4444444444",
      "_DataRole_" : "TEST",
      "_Depth_" : "65",
      "_Event_" : "1",
      "_GainBest_" : "0.538461538462",
      "_Gain_" : "0.452991452991",
      "_LiftBest_" : "0",
      "_Lift_" : "0.15873015873",
      "_NEventsBest_" : "0",
      "_NEvents_" : "1",
      "_NObs_" : "30",
      "_PartInd_" : "2",
      "_PctRespBest_" : "0",
      "_PctResp_" : "3.33333333333",
      "_RespBest_" : "0",
      "_Resp_" : "0.793650793651",
      "_TargetName_" : "BAD",
      "_Value_" : "0.0516217403152",
      "_formattedPartition_" : "           2"
    },
    "rowNumber" : 56
  }, {
    "dataMap" : {
      "_Column_" : "P_BAD1",
      "_CumLiftBest_" : "1.42857142857",
      "_CumLift_" : "1.34920634921",
      "_CumPctRespBest_" : "30.0715990453",
      "_CumPctResp_" : "28.4009546539",
      "_CumRespBest_" : "100",
      "_CumResp_" : "94.4444444444",
      "_DataRole_" : "TEST",
      "_Depth_" : "70",
      "_Event_" : "1",
      "_GainBest_" : "0.428571428571",
      "_Gain_" : "0.349206349206",
      "_LiftBest_" : "0",
      "_Lift_" : "0",
      "_NEventsBest_" : "0",
      "_NEvents_" : "0",
      "_NObs_" : "30",
      "_PartInd_" : "2",
      "_PctRespBest_" : "0",
      "_PctResp_" : "0",
      "_RespBest_" : "0",
      "_Resp_" : "0",
      "_TargetName_" : "BAD",
      "_Value_" : "0.0485779179938",
      "_formattedPartition_" : "           2"
    },
    "rowNumber" : 57
  }, {
    "dataMap" : {
      "_Column_" : "P_BAD1",
      "_CumLiftBest_" : "1.33333333333",
      "_CumLift_" : "1.26984126984",
      "_CumPctRespBest_" : "28",
      "_CumPctResp_" : "26.6666666667",
      "_CumRespBest_" : "100",
      "_CumResp_" : "95.2380952381",
      "_DataRole_" : "TEST",
      "_Depth_" : "75",
      "_Event_" : "1",
      "_GainBest_" : "0.333333333333",
      "_Gain_" : "0.269841269841",
      "_LiftBest_" : "0",
      "_Lift_" : "0.15873015873",
      "_NEventsBest_" : "0",
      "_NEvents_" : "1",
      "_NObs_" : "31",
      "_PartInd_" : "2",
      "_PctRespBest_" : "0",
      "_PctResp_" : "3.22580645161",
      "_RespBest_" : "0",
      "_Resp_" : "0.793650793651",
      "_TargetName_" : "BAD",
      "_Value_" : "0.0456381241802",
      "_formattedPartition_" : "           2"
    },
    "rowNumber" : 58
  }, {
    "dataMap" : {
      "_Column_" : "P_BAD1",
      "_CumLiftBest_" : "1.25",
      "_CumLift_" : "1.2003968254",
      "_CumPctRespBest_" : "26.359832636",
      "_CumPctResp_" : "25.3138075314",
      "_CumRespBest_" : "100",
      "_CumResp_" : "96.0317460317",
      "_DataRole_" : "TEST",
      "_Depth_" : "80",
      "_Event_" : "1",
      "_GainBest_" : "0.25",
      "_Gain_" : "0.200396825397",
      "_LiftBest_" : "0",
      "_Lift_" : "0.15873015873",
      "_NEventsBest_" : "0",
      "_NEvents_" : "1",
      "_NObs_" : "28",
      "_PartInd_" : "2",
      "_PctRespBest_" : "0",
      "_PctResp_" : "3.57142857143",
      "_RespBest_" : "0",
      "_Resp_" : "0.793650793651",
      "_TargetName_" : "BAD",
      "_Value_" : "0.0443210149189",
      "_formattedPartition_" : "           2"
    },
    "rowNumber" : 59
  }, {
    "dataMap" : {
      "_Column_" : "P_BAD1",
      "_CumLiftBest_" : "1.17647058824",
      "_CumLift_" : "1.12978524743",
      "_CumPctRespBest_" : "24.8031496063",
      "_CumPctResp_" : "23.8188976378",
      "_CumRespBest_" : "100",
      "_CumResp_" : "96.0317460317",
      "_DataRole_" : "TEST",
      "_Depth_" : "85",
      "_Event_" : "1",
      "_GainBest_" : "0.176470588235",
      "_Gain_" : "0.129785247432",
      "_LiftBest_" : "0",
      "_Lift_" : "0",
      "_NEventsBest_" : "0",
      "_NEvents_" : "0",
      "_NObs_" : "30",
      "_PartInd_" : "2",
      "_PctRespBest_" : "0",
      "_PctResp_" : "0",
      "_RespBest_" : "0",
      "_Resp_" : "0",
      "_TargetName_" : "BAD",
      "_Value_" : "0.0407062923941",
      "_formattedPartition_" : "           2"
    },
    "rowNumber" : 60
  }, {
    "dataMap" : {
      "_Column_" : "P_BAD1",
      "_CumLiftBest_" : "1.11111111111",
      "_CumLift_" : "1.06701940035",
      "_CumPctRespBest_" : "23.4200743494",
      "_CumPctResp_" : "22.4907063197",
      "_CumRespBest_" : "100",
      "_CumResp_" : "96.0317460317",
      "_DataRole_" : "TEST",
      "_Depth_" : "90",
      "_Event_" : "1",
      "_GainBest_" : "0.111111111111",
      "_Gain_" : "0.0670194003527",
      "_LiftBest_" : "0",
      "_Lift_" : "0",
      "_NEventsBest_" : "0",
      "_NEvents_" : "0",
      "_NObs_" : "30",
      "_PartInd_" : "2",
      "_PctRespBest_" : "0",
      "_PctResp_" : "0",
      "_RespBest_" : "0",
      "_Resp_" : "0",
      "_TargetName_" : "BAD",
      "_Value_" : "0.037722234947",
      "_formattedPartition_" : "           2"
    },
    "rowNumber" : 61
  }, {
    "dataMap" : {
      "_Column_" : "P_BAD1",
      "_CumLiftBest_" : "1.05263157895",
      "_CumLift_" : "1.03592314119",
      "_CumPctRespBest_" : "22.1830985915",
      "_CumPctResp_" : "21.8309859155",
      "_CumRespBest_" : "100",
      "_CumResp_" : "98.4126984127",
      "_DataRole_" : "TEST",
      "_Depth_" : "95",
      "_Event_" : "1",
      "_GainBest_" : "0.0526315789474",
      "_Gain_" : "0.0359231411863",
      "_LiftBest_" : "0",
      "_Lift_" : "0.47619047619",
      "_NEventsBest_" : "0",
      "_NEvents_" : "3",
      "_NObs_" : "30",
      "_PartInd_" : "2",
      "_PctRespBest_" : "0",
      "_PctResp_" : "10",
      "_RespBest_" : "0",
      "_Resp_" : "2.38095238095",
      "_TargetName_" : "BAD",
      "_Value_" : "0.0312153697981",
      "_formattedPartition_" : "           2"
    },
    "rowNumber" : 62
  }, {
    "dataMap" : {
      "_Column_" : "P_BAD1",
      "_CumLiftBest_" : "1",
      "_CumLift_" : "1",
      "_CumPctRespBest_" : "21.1409395973",
      "_CumPctResp_" : "21.1409395973",
      "_CumRespBest_" : "100",
      "_CumResp_" : "100",
      "_DataRole_" : "TEST",
      "_Depth_" : "100",
      "_Event_" : "1",
      "_GainBest_" : "0",
      "_Gain_" : "0",
      "_LiftBest_" : "0",
      "_Lift_" : "0.31746031746",
      "_NEventsBest_" : "0",
      "_NEvents_" : "2",
      "_NObs_" : "28",
      "_PartInd_" : "2",
      "_PctRespBest_" : "0",
      "_PctResp_" : "7.14285714286",
      "_RespBest_" : "0",
      "_Resp_" : "1.5873015873",
      "_TargetName_" : "BAD",
      "_Value_" : "0.0125436619613",
      "_formattedPartition_" : "           2"
    },
    "rowNumber" : 63
  } ],
  "xInteger" : false,
  "yInteger" : false
}