{
  "creationTimeStamp" : null,
  "modifiedTimeStamp" : null,
  "createdBy" : null,
  "modifiedBy" : null,
  "id" : null,
  "name" : "dmcas_fitstat",
  "description" : null,
  "revision" : 0,
  "groupName" : null,
  "order" : 0,
  "type" : null,
  "parameterMap" : {
    "_RASE_" : {
      "parameter" : "_RASE_",
      "type" : "num",
      "label" : "Root Average Squared Error",
      "length" : 8,
      "order" : 7,
      "values" : [ "_RASE_" ],
      "preformatted" : false
    },
    "_NObs_" : {
      "parameter" : "_NObs_",
      "type" : "num",
      "label" : "Sum of Frequencies",
      "length" : 8,
      "order" : 4,
      "values" : [ "_NObs_" ],
      "preformatted" : false
    },
    "_GINI_" : {
      "parameter" : "_GINI_",
      "type" : "num",
      "label" : "Gini Coefficient",
      "length" : 8,
      "order" : 12,
      "values" : [ "_GINI_" ],
      "preformatted" : false
    },
    "_GAMMA_" : {
      "parameter" : "_GAMMA_",
      "type" : "num",
      "label" : "Gamma",
      "length" : 8,
      "order" : 13,
      "values" : [ "_GAMMA_" ],
      "preformatted" : false
    },
    "_formattedPartition_" : {
      "parameter" : "_formattedPartition_",
      "type" : "char",
      "label" : "Formatted Partition",
      "length" : 12,
      "order" : 3,
      "values" : [ "_formattedPartition_" ],
      "preformatted" : false
    },
    "_DataRole_" : {
      "parameter" : "_DataRole_",
      "type" : "char",
      "label" : "Data Role",
      "length" : 10,
      "order" : 1,
      "values" : [ "_DataRole_" ],
      "preformatted" : false
    },
    "_MCE_" : {
      "parameter" : "_MCE_",
      "type" : "num",
      "label" : "Misclassification Rate",
      "length" : 8,
      "order" : 8,
      "values" : [ "_MCE_" ],
      "preformatted" : false
    },
    "_ASE_" : {
      "parameter" : "_ASE_",
      "type" : "num",
      "label" : "Average Squared Error",
      "length" : 8,
      "order" : 5,
      "values" : [ "_ASE_" ],
      "preformatted" : false
    },
    "_MCLL_" : {
      "parameter" : "_MCLL_",
      "type" : "num",
      "label" : "Multi-Class Log Loss",
      "length" : 8,
      "order" : 9,
      "values" : [ "_MCLL_" ],
      "preformatted" : false
    },
    "_KS_" : {
      "parameter" : "_KS_",
      "type" : "num",
      "label" : "KS (Youden)",
      "length" : 8,
      "order" : 10,
      "values" : [ "_KS_" ],
      "preformatted" : false
    },
    "_KSPostCutoff_" : {
      "parameter" : "_KSPostCutoff_",
      "type" : "num",
      "label" : "ROC Separation",
      "length" : 8,
      "order" : 16,
      "values" : [ "_KSPostCutoff_" ],
      "preformatted" : false
    },
    "_DIV_" : {
      "parameter" : "_DIV_",
      "type" : "num",
      "label" : "Divisor for ASE",
      "length" : 8,
      "order" : 6,
      "values" : [ "_DIV_" ],
      "preformatted" : false
    },
    "_TAU_" : {
      "parameter" : "_TAU_",
      "type" : "num",
      "label" : "Tau",
      "length" : 8,
      "order" : 14,
      "values" : [ "_TAU_" ],
      "preformatted" : false
    },
    "_KSCut_" : {
      "parameter" : "_KSCut_",
      "type" : "num",
      "label" : "KS Cutoff",
      "length" : 8,
      "order" : 15,
      "values" : [ "_KSCut_" ],
      "preformatted" : false
    },
    "_C_" : {
      "parameter" : "_C_",
      "type" : "num",
      "label" : "Area Under ROC",
      "length" : 8,
      "order" : 11,
      "values" : [ "_C_" ],
      "preformatted" : false
    },
    "_PartInd_" : {
      "parameter" : "_PartInd_",
      "type" : "num",
      "label" : "Partition Indicator",
      "length" : 8,
      "order" : 2,
      "values" : [ "_PartInd_" ],
      "preformatted" : false
    }
  },
  "data" : [ {
    "dataMap" : {
      "_RASE_" : "0.34678368095",
      "_NObs_" : "239",
      "_GINI_" : "0.581151832461",
      "_GAMMA_" : "0.646601941748",
      "_formattedPartition_" : "           2",
      "_DataRole_" : "TEST",
      "_MCE_" : "0.146443514644",
      "_ASE_" : "0.120258921373",
      "_MCLL_" : "0.391731144823",
      "_KS_" : "0.410013089005",
      "_KSPostCutoff_" : "0.3020287958",
      "_DIV_" : "239",
      "_TAU_" : "0.18733518512",
      "_KSCut_" : "0.2",
      "_C_" : "0.79057591623",
      "_PartInd_" : "2"
    },
    "rowNumber" : 1,
    "header" : null
  }, {
    "dataMap" : {
      "_RASE_" : "0.365226608219",
      "_NObs_" : "1428",
      "_GINI_" : "0.486365520099",
      "_GAMMA_" : "0.551012742752",
      "_formattedPartition_" : "           1",
      "_DataRole_" : "TRAIN",
      "_MCE_" : "0.177871148459",
      "_ASE_" : "0.133390475351",
      "_MCLL_" : "0.428204936834",
      "_KS_" : "0.339752267809",
      "_KSPostCutoff_" : "0.1614495556",
      "_DIV_" : "1428",
      "_TAU_" : "0.155500462273",
      "_KSCut_" : "0.15",
      "_C_" : "0.74318276005",
      "_PartInd_" : "1"
    },
    "rowNumber" : 2,
    "header" : null
  }, {
    "dataMap" : {
      "_RASE_" : "0.371079809545",
      "_NObs_" : "714",
      "_GINI_" : "0.428814617956",
      "_GAMMA_" : "0.488981370276",
      "_formattedPartition_" : "           0",
      "_DataRole_" : "VALIDATE",
      "_MCE_" : "0.183473389356",
      "_ASE_" : "0.137700225052",
      "_MCLL_" : "0.467404213476",
      "_KS_" : "0.36165235815",
      "_KSPostCutoff_" : "0.1782665671",
      "_DIV_" : "714",
      "_TAU_" : "0.137557407255",
      "_KSCut_" : "0.25",
      "_C_" : "0.714407308978",
      "_PartInd_" : "0"
    },
    "rowNumber" : 3,
    "header" : null
  } ],
  "version" : 1,
  "xInteger" : false,
  "yInteger" : false
}