{
    "name": "dmcas_fitstat",
    "revision": 0,
    "order": 0,
    "parameterMap": {
        "_DataRole_": {
            "parameter": "_DataRole_",
            "type": "char",
            "label": "Data Role",
            "length": 10,
            "order": 1,
            "values": [
                "_DataRole_"
            ],
            "preformatted": false
        },
        "_PartInd_": {
            "parameter": "_PartInd_",
            "type": "num",
            "label": "Partition Indicator",
            "length": 8,
            "order": 2,
            "values": [
                "_PartInd_"
            ],
            "preformatted": false
        },
        "_PartInd__f": {
            "parameter": "_PartInd__f",
            "type": "char",
            "label": "Formatted Partition",
            "length": 12,
            "order": 3,
            "values": [
                "_PartInd__f"
            ],
            "preformatted": false
        },
        "_NObs_": {
            "parameter": "_NObs_",
            "type": "num",
            "label": "Sum of Frequencies",
            "length": 8,
            "order": 4,
            "values": [
                "_NObs_"
            ],
            "preformatted": false
        },
        "_ASE_": {
            "parameter": "_ASE_",
            "type": "num",
            "label": "Average Squared Error",
            "length": 8,
            "order": 5,
            "values": [
                "_ASE_"
            ],
            "preformatted": false
        },
        "_DIV_": {
            "parameter": "_DIV_",
            "type": "num",
            "label": "Divisor for ASE",
            "length": 8,
            "order": 6,
            "values": [
                "_DIV_"
            ],
            "preformatted": false
        },
        "_RASE_": {
            "parameter": "_RASE_",
            "type": "num",
            "label": "Root Average Squared Error",
            "length": 8,
            "order": 7,
            "values": [
                "_RASE_"
            ],
            "preformatted": false
        },
        "_MCE_": {
            "parameter": "_MCE_",
            "type": "num",
            "label": "Misclassification Error",
            "length": 8,
            "order": 8,
            "values": [
                "_MCE_"
            ],
            "preformatted": false
        },
        "_THRESH_": {
            "parameter": "_THRESH_",
            "type": "num",
            "label": "Threshold for MCE",
            "length": 8,
            "order": 9,
            "values": [
                "_THRESH_"
            ],
            "preformatted": false
        },
        "_C_": {
            "parameter": "_C_",
            "type": "num",
            "label": "Area Under Curve",
            "length": 8,
            "order": 10,
            "values": [
                "_C_"
            ],
            "preformatted": false
        }
    },
    "data": [
        {
            "dataMap": {
                "_DataRole_": "TRAIN",
                "_PartInd_": 1,
                "_PartInd__f": "           1",
                "_NObs_": 1431,
                "_ASE_": 0.06417447413877177,
                "_DIV_": 1431,
                "_RASE_": 0.2533268129092769,
                "_MCE_": 0.23270440251572322,
                "_THRESH_": 0.09224318658280922,
                "_C_": 0.8036368301957216
            }
        }
    ],
    "version": 1,
    "xInteger": false,
    "yInteger": false
}